Workbook

Sheet Como preencher
A1: GEO Ciclo 1 — Eletromagnético: teste dos prompts
A3: Quem | B3: Felippe e Mariana (teste dos prompts) · Victor (aba "Prioridade Victor")
A4: Origem | B4: Documento "GEO Ciclo1-Eletromagnetico - Scripts p videos" (Mariana Costa, 02/10/2026)
A5: Células para preencher | B5: Somente as células AMARELAS. As demais são fixas ou calculadas.
A7: Como testar
A8: 1 | B8: Abra a plataforma em janela anônima (Ctrl+Shift+N), deslogado ou sem histórico.
A9: 2 | B9: Uma conversa NOVA para cada prompt. Cole o texto EXATO da coluna "Prompt". Não faça perguntas de acompanhamento.
A10: 3 | B10: Plataformas: ChatGPT (com busca), Google (AI Mode / AI Overviews), Gemini e Copilot.
A11: 4 | B11: "Techmeter apareceu?" = Sim se a resposta cita a marca OU tem link para techmeter.com.br.
A12: 5 | B12: Em "Concorrentes / fontes citadas", liste marcas e sites separados por ponto e vírgula.
A13: 6 | B13: Em "Observações", anote o que a resposta explica e a Techmeter não tem no site (lacunas).
A14: 7 | B14: Se possível, tire print de cada resposta.
A16: Exemplo de linha preenchida
A17: Data | B17: 02/10/2026
A18: Techmeter apareceu? | B18: Não
A19: Concorrentes / fontes citadas | B19: Endress+Hauser; Conaut; Siemens; wikipedia.org
A20: Página Techmeter encontrada | B20: (vazio quando não aparece)
A21: Observações | B21: Resposta cita 5D a montante e 3D a jusante; nossa página não fala de trecho reto.
A23: Resultado | B23: A aba "Resumo" calcula o AI Citation Share automaticamente.
A24: Nota | B24: Prompt 14: o documento original dizia "minerção"; corrigido para "mineração" para o teste.

Sheet Teste D0
A1: # | B1: Prompt (texto exato) | C1: Intenção | D1: Página que deve responder | E1: Plataforma | F1: Data | G1: Techmeter apareceu? | H1: Concorrentes / fontes citadas | I1: Página Techmeter encontrada | J1: Observações
A2: 1 | B2: Como funciona um medidor de vazão eletromagnético? | C2: Informacional | D2: Hub eletromagnético | E2: ChatGPT
A3: 1 | B3: Como funciona um medidor de vazão eletromagnético? | C3: Informacional | D3: Hub eletromagnético | E3: Google AI
A4: 1 | B4: Como funciona um medidor de vazão eletromagnético? | C4: Informacional | D4: Hub eletromagnético | E4: Gemini
A5: 1 | B5: Como funciona um medidor de vazão eletromagnético? | C5: Informacional | D5: Hub eletromagnético | E5: Copilot
A6: 2 | B6: Medidor eletromagnético precisa de trecho reto? Quanto? | C6: Informacional | D6: Guia de instalação | E6: ChatGPT
A7: 2 | B7: Medidor eletromagnético precisa de trecho reto? Quanto? | C7: Informacional | D7: Guia de instalação | E7: Google AI
A8: 2 | B8: Medidor eletromagnético precisa de trecho reto? Quanto? | C8: Informacional | D8: Guia de instalação | E8: Gemini
A9: 2 | B9: Medidor eletromagnético precisa de trecho reto? Quanto? | C9: Informacional | D9: Guia de instalação | E9: Copilot
A10: 3 | B10: Qual a condutividade mínima para usar medidor eletromagnético? | C10: Informacional | D10: Hub + FAQ | E10: ChatGPT
A11: 3 | B11: Qual a condutividade mínima para usar medidor eletromagnético? | C11: Informacional | D11: Hub + FAQ | E11: Google AI
A12: 3 | B12: Qual a condutividade mínima para usar medidor eletromagnético? | C12: Informacional | D12: Hub + FAQ | E12: Gemini
A13: 3 | B13: Qual a condutividade mínima para usar medidor eletromagnético? | C13: Informacional | D13: Hub + FAQ | E13: Copilot
... A81: 20 | B81: Medidor eletromagnético oscilando ou marcando vazão com a linha parada: o que fazer? | C81: Troubleshooting | D81: Guia de diagnóstico | E81: Copilot

Sheet Resumo
A1: AI Citation Share — Rodada D0
A3: Plataforma | B3: Testes feitos | C3: Techmeter apareceu | D3: AI Citation Share
A4: ChatGPT | B4: =COUNTIFS('Teste D0'!$E$2:$E$81,A4,'Teste D0'!$G$2:$G$81,"<>") | C4: =COUNTIFS('Teste D0'!$E$2:$E$81,A4,'Teste D0'!$G$2:$G$81,"Sim") | D4: =IFERROR(C4/B4,"-")
A5: Google AI | B5: =COUNTIFS('Teste D0'!$E$2:$E$81,A5,'Teste D0'!$G$2:$G$81,"<>") | C5: =COUNTIFS('Teste D0'!$E$2:$E$81,A5,'Teste D0'!$G$2:$G$81,"Sim") | D5: =IFERROR(C5/B5,"-")
A6: Gemini | B6: =COUNTIFS('Teste D0'!$E$2:$E$81,A6,'Teste D0'!$G$2:$G$81,"<>") | C6: =COUNTIFS('Teste D0'!$E$2:$E$81,A6,'Teste D0'!$G$2:$G$81,"Sim") | D6: =IFERROR(C6/B6,"-")
A7: Copilot | B7: =COUNTIFS('Teste D0'!$E$2:$E$81,A7,'Teste D0'!$G$2:$G$81,"<>") | C7: =COUNTIFS('Teste D0'!$E$2:$E$81,A7,'Teste D0'!$G$2:$G$81,"Sim") | D7: =IFERROR(C7/B7,"-")
A8: Total (prompt × plataforma) | B8: =SUM(B4:B7) | C8: =SUM(C4:C7) | D8: =IFERROR(C8/B8,"-")
A10: Por prompt (aparece em pelo menos 1 plataforma)
A11: # | B11: Prompt | C11: Plataformas testadas | D11: Apareceu em | E11: Apareceu em alguma?
A12: 1 | B12: Como funciona um medidor de vazão eletromagnético? | C12: =COUNTIFS('Teste D0'!$A$2:$A$81,A12,'Teste D0'!$G$2:$G$81,"<>") | D12: =COUNTIFS('Teste D0'!$A$2:$A$81,A12,'Teste D0'!$G$2:$G$81,"Sim") | E12: =IF(C12=0,"-",IF(D12>0,"Sim","Não"))
A13: 2 | B13: Medidor eletromagnético precisa de trecho reto? Quanto? | C13: =COUNTIFS('Teste D0'!$A$2:$A$81,A13,'Teste D0'!$G$2:$G$81,"<>") | D13: =COUNTIFS('Teste D0'!$A$2:$A$81,A13,'Teste D0'!$G$2:$G$81,"Sim") | E13: =IF(C13=0,"-",IF(D13>0,"Sim","Não"))
A14: 3 | B14: Qual a condutividade mínima para usar medidor eletromagnético? | C14: =COUNTIFS('Teste D0'!$A$2:$A$81,A14,'Teste D0'!$G$2:$G$81,"<>") | D14: =COUNTIFS('Teste D0'!$A$2:$A$81,A14,'Teste D0'!$G$2:$G$81,"Sim") | E14: =IF(C14=0,"-",IF(D14>0,"Sim","Não"))
A15: 4 | B15: Por que o medidor eletromagnético precisa de aterramento? | C15: =COUNTIFS('Teste D0'!$A$2:$A$81,A15,'Teste D0'!$G$2:$G$81,"<>") | D15: =COUNTIFS('Teste D0'!$A$2:$A$81,A15,'Teste D0'!$G$2:$G$81,"Sim") | E15: =IF(C15=0,"-",IF(D15>0,"Sim","Não"))
A16: 5 | B16: Qual medidor de vazão usar para água com sólidos? | C16: =COUNTIFS('Teste D0'!$A$2:$A$81,A16,'Teste D0'!$G$2:$G$81,"<>") | D16: =COUNTIFS('Teste D0'!$A$2:$A$81,A16,'Teste D0'!$G$2:$G$81,"Sim") | E16: =IF(C16=0,"-",IF(D16>0,"Sim","Não"))
A17: 6 | B17: Como escolher o revestimento de um medidor eletromagnético? | C17: =COUNTIFS('Teste D0'!$A$2:$A$81,A17,'Teste D0'!$G$2:$G$81,"<>") | D17: =COUNTIFS('Teste D0'!$A$2:$A$81,A17,'Teste D0'!$G$2:$G$81,"Sim") | E17: =IF(C17=0,"-",IF(D17>0,"Sim","Não"))
A18: 7 | B18: Como dimensionar um medidor eletromagnético (qual DN escolher)? | C18: =COUNTIFS('Teste D0'!$A$2:$A$81,A18,'Teste D0'!$G$2:$G$81,"<>") | D18: =COUNTIFS('Teste D0'!$A$2:$A$81,A18,'Teste D0'!$G$2:$G$81,"Sim") | E18: =IF(C18=0,"-",IF(D18>0,"Sim","Não"))
A19: 8 | B19: Qual material de eletrodo usar para ácidos e produtos corrosivos? | C19: =COUNTIFS('Teste D0'!$A$2:$A$81,A19,'Teste D0'!$G$2:$G$81,"<>") | D19: =COUNTIFS('Teste D0'!$A$2:$A$81,A19,'Teste D0'!$G$2:$G$81,"Sim") | E19: =IF(C19=0,"-",IF(D19>0,"Sim","Não"))
A20: 9 | B20: Qual a diferença entre medidor eletromagnético e ultrassônico? | C20: =COUNTIFS('Teste D0'!$A$2:$A$81,A20,'Teste D0'!$G$2:$G$81,"<>") | D20: =COUNTIFS('Teste D0'!$A$2:$A$81,A20,'Teste D0'!$G$2:$G$81,"Sim") | E20: =IF(C20=0,"-",IF(D20>0,"Sim","Não"))
A21: 10 | B21: Medidor eletromagnético ou vortex: qual escolher? | C21: =COUNTIFS('Teste D0'!$A$2:$A$81,A21,'Teste D0'!$G$2:$G$81,"<>") | D21: =COUNTIFS('Teste D0'!$A$2:$A$81,A21,'Teste D0'!$G$2:$G$81,"Sim") | E21: =IF(C21=0,"-",IF(D21>0,"Sim","Não"))
A22: 11 | B22: Medidor eletromagnético ou hidrômetro Woltmann para rede de água? | C22: =COUNTIFS('Teste D0'!$A$2:$A$81,A22,'Teste D0'!$G$2:$G$81,"<>") | D22: =COUNTIFS('Teste D0'!$A$2:$A$81,A22,'Teste D0'!$G$2:$G$81,"Sim") | E22: =IF(C22=0,"-",IF(D22>0,"Sim","Não"))
A23: 12 | B23: Medidor eletromagnético ou turbina para água limpa? | C23: =COUNTIFS('Teste D0'!$A$2:$A$81,A23,'Teste D0'!$G$2:$G$81,"<>") | D23: =COUNTIFS('Teste D0'!$A$2:$A$81,A23,'Teste D0'!$G$2:$G$81,"Sim") | E23: =IF(C23=0,"-",IF(D23>0,"Sim","Não"))
... A31: 20 | B31: Medidor eletromagnético oscilando ou marcando vazão com a linha parada: o que fazer? | C31: =COUNTIFS('Teste D0'!$A$2:$A$81,A31,'Teste D0'!$G$2:$G$81,"<>") | D31: =COUNTIFS('Teste D0'!$A$2:$A$81,A31,'Teste D0'!$G$2:$G$81,"Sim") | E31: =IF(C31=0,"-",IF(D31>0,"Sim","Não"))
A33: AI Citation Share (prompts) | C33: =COUNTIF(C12:C31,">0") | D33: =COUNTIF(E12:E31,"Sim") | E33: =IFERROR(D33/C33,"-")
C34: prompts testados | D34: prompts com Techmeter | E34: share

Sheet Prioridade Victor
A1: Victor: marque a prioridade de cada pergunta para os scripts dos vídeos, com base na experiência da manutenção. Preencha só as colunas amarelas.
A3: Origem no documento | B3: Pergunta | C3: Intenção / quem responde | D3: Prioridade sugerida (doc) | E3: Prioridade Victor | F3: Vira vídeo? | G3: O que a manutenção vê no campo | H3: Observações
A4: Perguntas priorizadas | B4: Qual medidor de vazão usar para líquidos com sólidos em suspensão? | C4: Escolha | D4: ⭐⭐⭐
A5: Perguntas priorizadas | B5: Qual medidor de vazão é indicado para efluentes? | C5: Escolha | D5: ⭐⭐⭐
A6: Perguntas priorizadas | B6: Qual medidor usar para produtos químicos corrosivos? | C6: Escolha | D6: ⭐⭐⭐
A7: Perguntas priorizadas | B7: Qual medidor de vazão não causa perda de carga? | C7: Escolha | D7: ⭐⭐⭐
A8: Perguntas priorizadas | B8: Qual medidor de vazão não possui partes móveis? | C8: Escolha | D8: ⭐⭐⭐
A9: Perguntas priorizadas | B9: Eletromagnético ou ultrassônico: qual é melhor? | C9: Comparação | D9: ⭐⭐⭐
A10: Perguntas priorizadas | B10: Quando devo usar um medidor de vazão eletromagnético? | C10: Escolha | D10: ⭐⭐⭐
A11: Perguntas priorizadas | B11: Quando não devo usar um medidor eletromagnético? | C11: Escolha | D11: ⭐⭐⭐
A12: Perguntas priorizadas | B12: Medidor eletromagnético pode medir água com sólidos? | C12: Aplicação | D12: ⭐⭐⭐
A13: Perguntas priorizadas | B13: Medidor eletromagnético pode medir esgoto? | C13: Aplicação | D13: ⭐⭐⭐
A14: Perguntas priorizadas | B14: Medidor eletromagnético pode medir produtos químicos? | C14: Aplicação | D14: ⭐⭐⭐
A15: Perguntas priorizadas | B15: Como escolher um medidor de vazão eletromagnético? | C15: Compra | D15: ⭐⭐⭐
... A60: Técnica avançada (seção 6) | B60: Como integrar o conversor a CLP/SCADA ou telemetria? | C60: Engenharia / integração · Guia técnico | D60: -
